    INSERT INTO role (id, name) VALUES (1,1),(2,2),(3,3),(4,4);
    INSERT INTO user (id, username, password, first_name, last_name, phone_number) VALUES (1, 'user', 'user','User First', 'User Last','9999999999'), (2, 'admin', 'admin','Admin First', 'Admin Last','9999999999'), (3, 'user@test.com', 'password', 'Test First', 'Test Last','9999999999'); 
    INSERT INTO user_role (user, role) VALUES (1, 3), (2,1), (3, 3) ;
    INSERT INTO product (id, name, msrp, imageurl, thumbnail, created_by, created_date) VALUES (1, 'Spring Laptop Bag', 100, '/static/img/bag_large.jpg', '/static/img/bag_tn.jpg', 3, CURRENT_TIMESTAMP());
    INSERT INTO product (id, name, msrp, imageurl, thumbnail, created_by, created_date) VALUES (2, 'Arizona Basic T-shirt', 100, 'http://s7d2.scene7.com/is/image/JCPenney/DP1012201517020808M.tif?id=uykpC3&fmt=jpg&fit=constrain,1&wid=375&hei=375', ' http://s7d2.scene7.com/is/image/JCPenney/DP1012201517020808M.tif?wid=65&hei=65&fmt=jpg&op_usm=.4,.8,0,0&resmode=sharp2',3, CURRENT_TIMESTAMP());
    INSERT INTO product (id, name, msrp, imageurl, thumbnail, created_by, created_date) VALUES (3, 'Seiko Silver Watch', 100, 'https://encrypted-tbn2.gstatic.com/images?q=tbn:ANd9GcQhH9cjjkvemCdS0ctU631j5I0aMoFytw3Q9MDLuPV6RwIf0INmRw','https://encrypted-tbn2.gstatic.com/images?q=tbn:ANd9GcQhH9cjjkvemCdS0ctU631j5I0aMoFytw3Q9MDLuPV6RwIf0INmRw',3, CURRENT_TIMESTAMP());
    INSERT INTO product (id, name, msrp, imageurl, thumbnail, created_by, created_date) VALUES (4, 'Royal Velvet® 400tc Damask Stripe Egyptian Cotton Comforter Set & Accessories', 100, 'http://s7d9.scene7.com/is/image/JCPenney/DP0414201417090509M?$product_pdp$', 'http://m.jcpenney.com:80/tablet/images/7215320_pp_tablet.jpg?$department_main$', 3, CURRENT_TIMESTAMP());
    
    INSERT INTO sale (id, product, start_price, reserve_price, start_time, end_time, description, created_by, created_date, currency_code) VALUES (1,1,0,0,CURRENT_TIMESTAMP(),DATE_ADD(CURRENT_TIMESTAMP(), INTERVAL 1 DAY),'sale 1 desc', 3, CURRENT_TIMESTAMP(), 'INR'  );
    INSERT INTO sale (id, product, start_price, reserve_price, start_time, end_time, description, created_by, created_date, currency_code) VALUES (2,1,0,0,CURRENT_TIMESTAMP(),DATE_ADD(CURRENT_TIMESTAMP(), INTERVAL 10 DAY),'sale 2 desc', 3, CURRENT_TIMESTAMP(), 'INR'  );
    INSERT INTO sale (id, product, start_price, reserve_price, start_time, end_time, description, created_by, created_date, currency_code) VALUES (3,1,0,0,DATE_SUB(CURRENT_TIMESTAMP(), INTERVAL 1 DAY), DATE_ADD(CURRENT_TIMESTAMP(), INTERVAL 5 DAY),'sale 3 desc', 3, CURRENT_TIMESTAMP(), 'INR'  );
    
    INSERT INTO sale (id, product, start_price, reserve_price, start_time, end_time, description, created_by, created_date, currency_code) VALUES (4,2,0,0,CURRENT_TIMESTAMP(),DATE_ADD(CURRENT_TIMESTAMP(), INTERVAL 2 DAY),'sale 4 desc', 3, CURRENT_TIMESTAMP(), 'INR'  );
    INSERT INTO sale (id, product, start_price, reserve_price, start_time, end_time, description, created_by, created_date, currency_code) VALUES (5,2,0,0,CURRENT_TIMESTAMP(),DATE_ADD(CURRENT_TIMESTAMP(), INTERVAL 10 DAY),'sale 5 desc', 3, CURRENT_TIMESTAMP(), 'INR'  );
    INSERT INTO sale (id, product, start_price, reserve_price, start_time, end_time, description, created_by, created_date, currency_code) VALUES (6,2,0,0,DATE_SUB(CURRENT_TIMESTAMP(), INTERVAL 1 DAY), DATE_ADD(CURRENT_TIMESTAMP(), INTERVAL 5 DAY),'sale 6 desc', 3, CURRENT_TIMESTAMP(), 'INR'  );
        
    INSERT INTO sale (id, product, start_price, reserve_price, start_time, end_time, description, created_by, created_date, currency_code) VALUES (7,3,0,0,CURRENT_TIMESTAMP(),DATE_ADD(CURRENT_TIMESTAMP(), INTERVAL 3 DAY),'sale 7 desc', 3, CURRENT_TIMESTAMP(), 'INR'  );
    INSERT INTO sale (id, product, start_price, reserve_price, start_time, end_time, description, created_by, created_date, currency_code) VALUES (8,3,0,0,CURRENT_TIMESTAMP(),DATE_ADD(CURRENT_TIMESTAMP(), INTERVAL 10 DAY),'sale 8 desc', 3, CURRENT_TIMESTAMP(), 'INR'  );
    INSERT INTO sale (id, product, start_price, reserve_price, start_time, end_time, description, created_by, created_date, currency_code) VALUES (9,3,0,0,DATE_SUB(CURRENT_TIMESTAMP(), INTERVAL 1 DAY), DATE_ADD(CURRENT_TIMESTAMP(), INTERVAL 5 DAY),'sale 9 desc', 3, CURRENT_TIMESTAMP(), 'INR'  );
    
    INSERT INTO sale (id, product, start_price, reserve_price, start_time, end_time, description, created_by, created_date, currency_code) VALUES (10,4,0,0,CURRENT_TIMESTAMP(),DATE_ADD(CURRENT_TIMESTAMP(), INTERVAL 4 DAY),'sale 10 desc', 3, CURRENT_TIMESTAMP(), 'INR'  );
    INSERT INTO sale (id, product, start_price, reserve_price, start_time, end_time, description, created_by, created_date, currency_code) VALUES (11,4,0,0,CURRENT_TIMESTAMP(),DATE_ADD(CURRENT_TIMESTAMP(), INTERVAL 10 DAY),'sale 11 desc', 3, CURRENT_TIMESTAMP(), 'INR'  );
    INSERT INTO sale (id, product, start_price, reserve_price, start_time, end_time, description, created_by, created_date, currency_code) VALUES (12,4,0,0,DATE_SUB(CURRENT_TIMESTAMP(), INTERVAL 1 DAY), DATE_ADD(CURRENT_TIMESTAMP(), INTERVAL 5 DAY),'sale 12 desc', 3, CURRENT_TIMESTAMP(), 'INR'  );